{"accuracy": 0.9920091324200914, "precision": 0.997078870496592, "recall": 0.9893719806763285, "f1_score": 0.9932104752667313}