{"accuracy": 0.999, "precision": 1.0, "recall": 0.9980188211986132, "f1_score": 0.999008428358949, "auc": 0.9999849986461278}